date,pool_id,day,shrimp_survival_proportion,shrimp_population,shrimp_grown,shrimp_biomass,food_amount,food_type,feeder_type
22/06/19,2,-1,100.00 %,"780,000",0.18,140.40,0.00,NA,NA
23/06/19,2,1,98.00 %,"764,400",0.18,137.60,15.00,NW 38 % # 3,Boleo
24/06/19,2,2,97.75 %,"762,450",0.24,183.00,35.00,NW 38 % # 3,Boleo
25/06/19,2,3,97.50 %,"760,500",0.30,228.20,60.00,NW 38 % # 3,Boleo
26/06/19,2,4,97.25 %,"758,550",0.37,280.70,40.00,NW 38 % # 3,Boleo
27/06/19,2,5,97.00 %,"756,600",0.44,332.90,90.00,NW 38 % # 3,Boleo
28/06/19,2,6,96.75 %,"754,650",0.50,377.30,100.00,NW 38 % # 3,Boleo
29/06/19,2,7,96.50 %,"752,700",0.57,429.00,110.00,NW 38 % # 3,Boleo
30/06/19,2,8,96.25 %,"750,750",0.63,473.00,110.00,NW 38 % # 3,Boleo/Platos
01/07/19,2,9,96.00 %,"748,800",0.75,561.60,110.00,NW 35 % # 4,Boleo/Platos
02/07/19,2,10,95.75 %,"746,850",0.00,0.00,110.00,NW 35 % # 4,Boleo/Platos
03/07/19,2,11,95.50 %,"744,900",1.14,849.20,110.00,NW 35 % # 4,Boleo/Platos
04/07/19,2,12,95.25 %,"742,950",1.33,988.10,110.00,NW 35 % # 4,Boleo/Platos
05/07/19,2,13,95.00 %,"741,000",1.53,"1,133.70",110.00,NW 35 % # 4,Boleo/Platos
06/07/19,2,14,94.50 %,"737,100",1.78,"1,312.00",125.00,NW 35 % # 4,Boleo/Platos
07/07/19,2,15,94.00 %,"733,200",2.03,"1,488.40",100.00,OPL 35 % # 5,AA/platos
08/07/19,2,16,93.50 %,"729,300",2.15,"1,568.00",100.00,OPL 35 % # 5,AA/platos
09/07/19,2,17,93.00 %,"725,400",2.42,"1,755.50",125.00,OPL 35 % # 5,AA/platos
10/07/19,2,18,93.50 %,"729,300",2.70,"1,969.10",140.00,OPL 35 % # 5,AA/platos
11/07/19,2,19,93.00 %,"725,400",2.98,"2,161.70",140.00,OPL 35 % # 5,AA/platos
12/07/19,2,20,92.50 %,"721,500",3.20,"2,307.00",150.00,OPL 35 % # 5,AA/platos
13/07/19,2,21,92.00 %,"717,600",3.43,"2,461.40",165.00,OPL 35 % # 5,AA/platos
14/07/19,2,22,91.50 %,"713,700",3.65,"2,603.20",165.00,OPL 35 % # 5,AA/platos
15/07/19,2,23,90.84 %,"708,552",3.85,"2,727.90",165.00,OPL 35 % # 5,AA/platos
16/07/19,2,24,90.18 %,"703,404",4.13,"2,905.10",175.00,OPL 35 % # 5,AA/platos
17/07/19,2,25,89.52 %,"698,256",4.39,"3,065.30",175.00,OPL 35 % # 5,AA/platos
18/07/19,2,26,88.86 %,"693,108",4.68,"3,243.70",180.00,OPL 35 % # 5,AA/platos
19/07/19,2,27,88.20 %,"687,960",4.95,"3,405.40",190.00,OPL 35 % # 5,AA/platos
20/07/19,2,28,87.54 %,"682,812",5.21,"3,557.50",150.00,OPL 35 % # 5,AA/platos
21/07/19,2,29,86.88 %,"677,664",5.48,"3,713.60",150.00,OPL 35 % # 5,AA/platos
22/07/19,2,30,86.18 %,"672,204",5.75,"3,865.20",150.00,OPL 35 % # 5,AA/platos
23/07/19,2,31,85.48 %,"666,744",6.00,"4,000.50",100.00,OPL 35 % # 5,AA/platos
24/07/19,2,32,84.88 %,"662,064",6.30,"4,171.00",125.00,OPL 35 % # 5,AA/platos
25/07/19,2,33,84.08 %,"655,824",6.60,"4,328.40",125.00,OPL 35 % # 5,AA/platos
26/07/19,2,34,83.38 %,"650,364",6.83,"4,442.00",125.00,OPL 35 % # 5,AA/platos
27/07/19,2,35,82.68 %,"644,904",7.05,"4,546.60",150.00,OPL 35 % # 5,AA/platos
28/07/19,2,36,82.18 %,"641,004",7.28,"4,666.50",0.00,OPL 35 % # 5,AA/platos
29/07/19,2,37,81.88 %,"638,664",7.50,"4,790.00",175.00,OPL 35 % # 5,AA/platos
30/07/19,2,38,77.00 %,"600,600",7.90,"4,744.70",175.00,OPL 35 % # 5,AA/platos
31/07/19,2,39,76.00 %,"592,800",8.30,"4,920.20",175.00,OPL 35 % # 5,AA/platos
01/08/19,2,40,75.00 %,"585,000",8.70,"5,089.50",200.00,OPL 35 % # 5,AA/platos
02/08/19,2,41,74.00 %,"577,200",8.90,"5,137.10",200.00,OPL 35 % # 5,AA/platos
03/08/19,2,42,73.00 %,"569,400",9.10,"5,181.50",200.00,OPL 35 % # 5,AA/platos
04/08/19,2,43,72.50 %,"565,500",9.30,"5,259.20",0.00,OPL 35 % # 5,AA/platos
05/08/19,2,44,72.00 %,"561,600",9.50,"5,335.20",200.00,OPL 35 % # 5,AA/platos
06/08/19,2,45,71.50 %,"557,700",9.83,"5,482.20",175.00,OPL 35 % # 5,AA/platos
07/08/19,2,46,71.00 %,"553,800",10.17,"5,632.10",175.00,OPL 35 % # 5,AA/platos
08/08/19,2,47,70.50 %,"549,900",10.50,"5,774.00",200.00,OPL 35 % # 5,AA/platos
09/08/19,2,48,70.00 %,"546,000",10.75,"5,869.50",210.00,OPL 35 % # 5,AA/platos
10/08/19,2,49,69.50 %,"542,100",11.00,"5,963.10",210.00,OPL 35 % # 5,AA/platos
11/08/19,2,50,69.25 %,"540,150",11.25,"6,076.70",0.00,OPL 35 % # 5,AA/platos
12/08/19,2,51,69.00 %,"538,200",11.50,"6,189.30",210.00,OPL 35 % # 5,AA/platos
13/08/19,2,52,68.75 %,"536,250",11.90,"6,381.40",225.00,OPL 35 % # 5,AA/platos
14/08/19,2,53,68.50 %,"534,300",12.30,"6,571.90",200.00,OPL 35 % # 5,AA/platos
15/08/19,2,54,68.25 %,"532,350",12.70,"6,760.80",100.00,OPL 35 % # 5,AA/platos
16/08/19,2,55,68.00 %,"530,400",12.90,"6,842.20",200.00,OPL 35 % # 5,AA/platos
17/08/19,2,56,67.75 %,"528,450",13.10,"6,922.70",200.00,OPL 35 % # 5,AA/platos
18/08/19,2,57,67.60 %,"527,280",13.30,"7,012.80",0.00,OPL 35 % # 5,AA/platos
19/08/19,2,58,67.45 %,"526,110",13.50,"7,102.50",150.00,OPL 35 % # 5,AA/platos
20/08/19,2,59,67.30 %,"524,940",13.83,"7,259.90",225.00,OPL 35 % # 5,AA/platos
21/08/19,2,60,67.15 %,"523,770",14.17,"7,421.80",225.00,OPL 35 % # 5,AA/platos
22/08/19,2,61,67.00 %,"522,600",14.50,"7,577.70",225.00,OPL 35 % # 5,AA/platos
23/08/19,2,62,66.85 %,"521,430",14.95,"7,795.40",225.00,OPL 35 % # 5,AA/platos
24/08/19,2,63,66.75 %,"520,650",15.40,"8,018.00",250.00,OPL 35 % # 5,AA/platos
25/08/19,2,64,66.65 %,"519,870",15.85,"8,239.90",0.00,OPL 35 % # 5,AA/platos
26/08/19,2,65,66.55 %,"519,090",16.30,"8,461.20",250.00,OPL 35 % # 5,AA/platos
27/08/19,2,66,66.45 %,"518,310",16.63,"8,619.50",250.00,OPL 35 % # 5,AA/platos
28/08/19,2,67,66.35 %,"517,530",16.96,"8,777.30",250.00,OPL 35 % # 5,AA/platos
29/08/19,2,68,66.25 %,"516,750",17.30,"8,939.80",250.00,OPL 35 % # 5,AA/platos
30/08/19,2,69,66.15 %,"515,970",17.55,"9,055.30",250.00,OPL 35 % # 5,AA/platos
31/08/19,2,70,66.05 %,"515,190",17.80,"9,170.40",125.00,OPL 35 % # 5,AA/platos
01/09/19,2,71,65.95 %,"514,410",18.05,"9,285.10",0.00,OPL 35 % # 5,AA/platos
02/09/19,2,72,65.85 %,"513,630",18.30,"9,399.40",250.00,OPL 35 % # 5,AA/platos
03/09/19,2,73,65.75 %,"512,850",18.50,"9,487.70",125.00,OPL 35 % # 5,AA/platos
04/09/19,2,74,65.65 %,"512,070",18.70,"9,575.70",150.00,OPL 35 % # 5,AA/platos
05/09/19,2,75,65.55 %,"511,290",19.00,"9,714.50",100.00,OPL 35 % # 5,AA/platos
06/09/19,2,76,64.55 %,"503,490",19.25,"9,692.20",175.00,OPL 35 % # 5,AA/platos
07/09/19,2,77,63.55 %,"495,690",19.50,"9,666.00",100.00,OPL 35 % # 5,AA/platos
08/09/19,2,78,62.55 %,"487,890",19.75,"9,635.80",50.00,OPL 35 % # 5,AA/platos
09/09/19,2,79,61.55 %,"480,090",20.00,"9,601.80",150.00,OPL 35 % # 5,AA/platos
10/09/19,2,80,60.55 %,"472,290",20.23,"9,554.40",175.00,OPL 35 % # 5,AA/platos
11/09/19,2,81,59.55 %,"464,490",20.46,"9,503.50",0.00,OPL 35 % # 5,AA/platos
12/09/19,2,82,58.55 %,"456,690",20.70,"9,453.50",75.00,OPL 35 % # 5,AA/platos
13/09/19,2,83,57.55 %,"448,890",21.03,"9,440.20",75.00,OPL 35 % # 5,AA/platos
14/09/19,2,84,56.55 %,"441,090",21.35,"9,417.30",150.00,OPL 35 % # 5,AA/platos
15/09/19,2,85,55.55 %,"418,125",21.67,"9,060.80",0.00,OPL 35 % # 5,AA/platos
16/09/19,2,86,55.45 %,"417,372",22.00,"9,182.20",150.00,OPL 35 % # 5,AA/platos
17/09/19,2,87,54.45 %,"409,845",22.33,"9,151.80",200.00,OPL 35 % # 5,AA/platos
18/09/19,2,88,53.65 %,"403,824",22.66,"9,150.60",100.00,OPL 35 % # 5,AA/platos
19/09/19,2,89,53.30 %,"401,189",23.00,"9,227.30",100.00,OPL 35 % # 5,AA/platos
20/09/19,2,90,53.05 %,"399,307",23.50,"9,383.70",150.00,OPL 35 % # 5,AA/platos
21/09/19,2,91,52.95 %,"398,555",24.00,"9,565.30",200.00,OPL 35 % # 5,AA/platos
22/09/19,2,92,52.85 %,"389,557",24.50,"9,544.20",0.00,OPL 35 % # 5,AA/platos
23/09/19,2,93,52.75 %,"388,820",25.00,"9,720.50",200.00,OPL 35 % # 5,AA/platos
24/09/19,2,94,52.65 %,"388,083",25.30,"9,818.50",200.00,OPL 35 % # 5,AA/platos
25/09/19,2,95,52.55 %,"387,346",25.65,"9,935.40",150.00,OPL 35 % # 5,AA/platos
26/09/19,2,96,52.45 %,"386,609",26.00,"10,051.80",150.00,OPL 35 % # 5,AA/platos
27/09/19,2,97,52.35 %,"385,872",26.50,"10,225.60",75.00,OPL 35 % # 5,AA/platos
28/09/19,2,98,52.25 %,"385,135",27.00,"10,398.60",75.00,OPL 35 % # 5,AA/platos
29/09/19,2,99,52.15 %,"374,228",27.50,"10,291.30",0.00,OPL 35 % # 5,AA/platos
30/09/19,2,100,52.05 %,"373,511",28.00,"10,458.30",150.00,OPL 35 % # 5,AA/platos
01/10/19,2,101,51.95 %,"372,793",28.15,"10,494.10",200.00,OPL 35 % # 5,AA/platos
02/10/19,2,102,51.80 %,"371,717",28.30,"10,519.60",0.00,OPL 35 % # 5,AA/platos
28/07/19,3,-1,100.00 %,"980,200",0.30,294.06,0.00,NA,NA
29/07/19,3,1,98.00 %,"960,596",0.40,384.20,35.00,NW 38 % # 3,Boleo
30/07/19,3,2,97.75 %,"958,146",0.50,479.10,40.00,NW 38 % # 3,Boleo
31/07/19,3,3,97.50 %,"955,695",0.60,573.40,75.00,NW 38 % # 3,Boleo
01/08/19,3,4,97.25 %,"953,245",0.70,667.30,90.00,NW 38 % # 3,Boleo
02/08/19,3,5,97.00 %,"950,794",0.80,760.60,110.00,NW 38 % # 3,Boleo
03/08/19,3,6,96.75 %,"948,344",0.90,853.50,110.00,NW 38 % # 3,Boleo
04/08/19,3,7,96.50 %,"945,893",1.00,945.90,110.00,NW 38 % # 3,Boleo
05/08/19,3,8,96.25 %,"943,443",1.10,"1,037.80",125.00,NW 38 % # 3,Boleo/Platos
06/08/19,3,9,96.00 %,"940,992",1.30,"1,223.30",140.00,NW 35 % # 4,Boleo/Platos
07/08/19,3,10,95.75 %,"938,542",1.50,"1,407.80",140.00,NW 35 % # 4,Boleo/Platos
08/08/19,3,11,95.50 %,"936,091",1.70,"1,591.40",140.00,NW 35 % # 4,Boleo/Platos
09/08/19,3,12,95.25 %,"933,641",1.84,"1,717.90",160.00,NW 35 % # 4,Boleo/Platos
10/08/19,3,13,95.00 %,"931,190",1.98,"1,843.80",160.00,NW 35 % # 4,Boleo/Platos
11/08/19,3,14,94.50 %,"926,289",2.12,"1,963.70",160.00,NW 35 % # 4,Boleo/Platos
12/08/19,3,15,93.00 %,"911,586",2.16,"1,969.00",160.00,OPL 35 % # 5,AA/platos
13/08/19,3,16,91.50 %,"896,883",2.34,"2,098.70",185.00,OPL 35 % # 5,AA/platos
14/08/19,3,17,90.00 %,"882,180",2.52,"2,223.10",185.00,OPL 35 % # 5,AA/platos
15/08/19,3,18,88.50 %,"867,477",2.72,"2,359.50",200.00,OPL 35 % # 5,AA/platos
16/08/19,3,19,87.00 %,"852,774",2.88,"2,456.00",200.00,OPL 35 % # 5,AA/platos
17/08/19,3,20,85.50 %,"838,071",3.04,"2,547.70",225.00,OPL 35 % # 5,AA/platos
18/08/19,3,21,84.00 %,"823,368",3.20,"2,634.80",125.00,OPL 35 % # 5,AA/platos
19/08/19,3,22,83.00 %,"813,566",3.37,"2,741.70",225.00,OPL 35 % # 5,AA/platos
20/08/19,3,23,82.00 %,"803,764",3.59,"2,885.50",250.00,OPL 35 % # 5,AA/platos
21/08/19,3,24,81.00 %,"793,962",3.81,"3,025.00",250.00,OPL 35 % # 5,AA/platos
22/08/19,3,25,80.00 %,"784,160",4.05,"3,175.80",250.00,OPL 35 % # 5,AA/platos
23/08/19,3,26,79.00 %,"774,358",4.23,"3,275.50",250.00,OPL 35 % # 5,AA/platos
24/08/19,3,27,78.00 %,"764,556",4.50,"3,440.50",250.00,OPL 35 % # 5,AA/platos
25/08/19,3,28,77.50 %,"759,655",4.67,"3,547.60",250.00,OPL 35 % # 5,AA/platos
26/08/19,3,29,77.25 %,"757,205",4.74,"3,589.10",250.00,OPL 35 % # 5,AA/platos
27/08/19,3,30,77.00 %,"754,754",5.02,"3,788.90",250.00,OPL 35 % # 5,AA/platos
28/08/19,3,31,76.75 %,"752,304",5.30,"3,987.20",250.00,OPL 35 % # 5,AA/platos
29/08/19,3,32,76.50 %,"749,853",5.58,"4,184.20",250.00,OPL 35 % # 5,AA/platos
30/08/19,3,33,76.25 %,"747,403",5.80,"4,334.90",175.00,OPL 35 % # 5,AA/platos
31/08/19,3,34,76.00 %,"744,952",6.00,"4,469.70",250.00,OPL 35 % # 5,AA/platos
01/09/19,3,35,75.75 %,"742,502",6.23,"4,625.80",0.00,OPL 35 % # 5,AA/platos
02/09/19,3,36,75.50 %,"740,051",6.45,"4,773.30",250.00,OPL 35 % # 5,AA/platos
03/09/19,3,37,75.25 %,"737,601",6.60,"4,868.20",275.00,OPL 35 % # 5,AA/platos
04/09/19,3,38,75.00 %,"735,150",6.74,"4,954.90",275.00,OPL 35 % # 5,AA/platos
05/09/19,3,39,74.75 %,"732,700",6.88,"5,041.00",275.00,OPL 35 % # 5,AA/platos
06/09/19,3,40,74.50 %,"730,249",7.05,"5,148.30",275.00,OPL 35 % # 5,AA/platos
07/09/19,3,41,74.25 %,"727,799",7.23,"5,262.00",175.00,OPL 35 % # 5,AA/platos
08/09/19,3,42,74.10 %,"726,328",7.39,"5,367.60",0.00,OPL 35 % # 5,AA/platos
09/09/19,3,43,73.95 %,"724,858",7.54,"5,465.40",200.00,OPL 35 % # 5,AA/platos
10/09/19,3,44,73.80 %,"723,388",7.76,"5,613.50",250.00,OPL 35 % # 5,AA/platos
11/09/19,3,45,73.65 %,"721,917",7.98,"5,760.90",250.00,OPL 35 % # 5,AA/platos
12/09/19,3,46,73.50 %,"720,447",8.20,"5,907.70",175.00,OPL 35 % # 5,AA/platos
13/09/19,3,47,73.35 %,"718,977",8.53,"6,132.90",200.00,OPL 35 % # 5,AA/platos
14/09/19,3,48,73.20 %,"717,506",8.87,"6,364.30",250.00,OPL 35 % # 5,AA/platos
15/09/19,3,49,73.05 %,"716,036",9.20,"6,587.50",0.00,OPL 35 % # 5,AA/platos
16/09/19,3,50,72.95 %,"715,056",9.54,"6,821.60",250.00,OPL 35 % # 5,AA/platos
17/09/19,3,51,72.85 %,"714,076",9.80,"6,997.90",250.00,OPL 35 % # 5,AA/platos
18/09/19,3,52,72.75 %,"713,096",10.05,"7,166.60",275.00,OPL 35 % # 5,AA/platos
19/09/19,3,53,72.65 %,"712,115",10.30,"7,334.80",225.00,OPL 35 % # 5,AA/platos
20/09/19,3,54,72.55 %,"711,135",10.65,"7,573.60",225.00,OPL 35 % # 5,AA/platos
21/09/19,3,55,72.45 %,"710,155",11.00,"7,811.70",275.00,OPL 35 % # 5,AA/platos
22/09/19,3,56,72.35 %,"709,175",11.35,"8,049.10",0.00,OPL 35 % # 5,AA/platos
23/09/19,3,57,72.25 %,"708,195",11.70,"8,285.90",275.00,OPL 35 % # 5,AA/platos
24/09/19,3,58,72.15 %,"707,214",11.97,"8,465.40",300.00,OPL 35 % # 5,AA/platos
25/09/19,3,59,72.05 %,"706,234",12.22,"8,630.20",300.00,OPL 35 % # 5,AA/platos
26/09/19,3,60,71.95 %,"705,254",12.50,"8,815.70",325.00,OPL 35 % # 5,AA/platos
27/09/19,3,61,71.85 %,"704,274",12.80,"9,014.70",325.00,OPL 35 % # 5,AA/platos
28/09/19,3,62,71.75 %,"703,294",13.10,"9,213.10",325.00,OPL 35 % # 5,AA/platos
29/09/19,3,63,71.65 %,"702,313",13.40,"9,411.00",0.00,OPL 35 % # 5,AA/platos
30/09/19,3,64,71.55 %,"701,333",13.70,"9,608.30",325.00,OPL 35 % # 5,AA/platos
01/10/19,3,65,71.45 %,"700,353",14.03,"9,826.00",225.00,OPL 35 % # 5,AA/platos
02/10/19,3,66,71.35 %,"699,373",14.36,"10,043.00",225.00,OPL 35 % # 5,AA/platos
03/10/19,3,67,71.25 %,"698,393",14.70,"10,266.40",250.00,OPL 35 % # 5,AA/platos
04/10/19,3,68,71.15 %,"697,412",14.98,"10,447.20",250.00,OPL 35 % # 5,AA/platos
05/10/19,3,69,71.05 %,"696,432",15.25,"10,620.60",250.00,OPL 35 % # 5,AA/platos
06/10/19,3,70,70.95 %,"695,452",15.53,"10,800.40",0.00,OPL 35 % # 5,AA/platos
07/10/19,3,71,69.95 %,"685,650",15.80,"10,833.30",300.00,OPL 35 % # 5,AA/platos
08/10/19,3,72,68.95 %,"675,848",16.20,"10,948.70",325.00,OPL 35 % # 5,AA/platos
09/10/19,3,73,67.95 %,"666,046",16.60,"11,056.40",325.00,OPL 35 % # 5,AA/platos
10/10/19,3,74,66.95 %,"656,244",17.00,"11,156.10",325.00,OPL 35 % # 5,AA/platos
11/10/19,3,75,65.95 %,"646,442",17.20,"11,118.80",325.00,OPL 35 % # 5,AA/platos
12/10/19,3,76,64.95 %,"636,640",17.40,"11,077.50",325.00,OPL 35 % # 5,AA/platos
13/10/19,3,77,63.95 %,"626,838",17.60,"11,032.30",0.00,OPL 35 % # 5,AA/platos
14/10/19,3,78,63.14 %,"618,898",17.80,"11,016.40",325.00,OPL 35 % # 5,AA/platos
15/10/19,3,79,62.33 %,"610,959",18.10,"11,058.40",300.00,OPL 35 % # 5,AA/platos
16/10/19,3,80,61.52 %,"603,019",18.35,"11,065.40",300.00,OPL 35 % # 5,AA/platos
17/10/19,3,81,61.00 %,"597,922",18.80,"11,240.90",300.00,OPL 35 % # 5,AA/platos
18/10/19,3,82,60.19 %,"589,982",19.22,"11,339.50",300.00,OPL 35 % # 5,AA/platos
19/10/19,3,83,59.38 %,"582,043",19.65,"11,437.10",300.00,OPL 35 % # 5,AA/platos
20/10/19,3,84,58.57 %,"574,103",20.08,"11,528.00",0.00,OPL 35 % # 5,AA/platos
21/10/19,3,85,57.76 %,"546,348",20.50,"11,200.10",325.00,OPL 35 % # 5,AA/platos
22/10/19,3,86,56.95 %,"538,686",20.85,"11,231.60",325.00,OPL 35 % # 5,AA/platos
23/10/19,3,87,56.14 %,"531,024",21.21,"11,263.00",325.00,OPL 35 % # 5,AA/platos
24/10/19,3,88,55.33 %,"523,363",21.57,"11,288.90",325.00,OPL 35 % # 5,AA/platos
25/10/19,3,89,54.52 %,"515,701",21.93,"11,309.30",0.00,OPL 35 % # 5,AA/platos
26/10/19,3,90,53.71 %,"508,039",22.28,"11,319.10",250.00,OPL 35 % # 5,AA/platos
27/10/19,3,91,52.90 %,"500,377",22.64,"11,328.50",150.00,OPL 35 % # 5,AA/platos
28/10/19,3,92,52.09 %,"482,504",23.00,"11,097.60",150.00,OPL 35 % # 5,AA/platos
29/10/19,3,93,51.70 %,"478,891",23.27,"11,143.80",0.00,OPL 35 % # 5,AA/platos
22/06/19,4,-1,100.00 %,"940,000",0.00,0.00,0.00,NA,NA
23/06/19,4,1,98.00 %,"921,200",0.00,0.00,15.00,NW 38 % # 3,Boleo
24/06/19,4,2,97.75 %,"918,850",0.00,0.00,40.00,NW 38 % # 3,Boleo
25/06/19,4,3,97.50 %,"916,500",0.00,0.00,80.00,NW 38 % # 3,Boleo
26/06/19,4,4,97.25 %,"914,150",0.00,0.00,50.00,NW 38 % # 3,Boleo
27/06/19,4,5,97.00 %,"911,800",0.45,410.31,100.00,NW 38 % # 3,Boleo
28/06/19,4,6,96.75 %,"909,450",0.00,0.00,110.00,NW 38 % # 3,Boleo
29/06/19,4,7,96.50 %,"907,100",0.00,0.00,125.00,NW 38 % # 3,Boleo
30/06/19,4,8,96.25 %,"904,750",0.70,633.33,125.00,NW 38 % # 3,Boleo/Platos
01/07/19,4,9,96.00 %,"902,400",0.80,721.92,125.00,NW 35 % # 4,Boleo/Platos
02/07/19,4,10,95.75 %,"900,050",0.90,810.05,125.00,NW 35 % # 4,Boleo/Platos
03/07/19,4,11,95.50 %,"897,700",1.00,897.70,125.00,NW 35 % # 4,Boleo/Platos
04/07/19,4,12,95.25 %,"895,350",1.22,"1,092.33",125.00,NW 35 % # 4,Boleo/Platos
05/07/19,4,13,95.00 %,"893,000",1.40,"1,250.20",125.00,NW 35 % # 4,Boleo/Platos
06/07/19,4,14,94.50 %,"888,300",1.00,888.30,125.00,NW 35 % # 4,Boleo/Platos
07/07/19,4,15,94.00 %,"883,600",1.80,"1,590.48",100.00,OPL 35 % # 5,AA/platos
08/07/19,4,16,93.50 %,"878,900",2.00,"1,757.80",115.00,OPL 35 % # 5,AA/platos
09/07/19,4,17,93.00 %,"874,200",2.31,"2,019.40",140.00,OPL 35 % # 5,AA/platos
10/07/19,4,18,93.50 %,"878,900",2.62,"2,302.72",150.00,OPL 35 % # 5,AA/platos
11/07/19,4,19,93.00 %,"874,200",2.93,"2,561.41",160.00,OPL 35 % # 5,AA/platos
12/07/19,4,20,92.50 %,"869,500",3.10,"2,695.45",175.00,OPL 35 % # 5,AA/platos
13/07/19,4,21,92.00 %,"864,800",3.28,"2,836.54",185.00,OPL 35 % # 5,AA/platos
14/07/19,4,22,91.50 %,"860,100",3.46,"2,975.95",190.00,OPL 35 % # 5,AA/platos
15/07/19,4,23,90.84 %,"853,896",3.64,"3,108.18",190.00,OPL 35 % # 5,AA/platos
16/07/19,4,24,90.18 %,"847,692",4.00,"3,390.77",200.00,OPL 35 % # 5,AA/platos
17/07/19,4,25,89.52 %,"841,488",4.35,"3,660.47",200.00,OPL 35 % # 5,AA/platos
18/07/19,4,26,88.86 %,"835,284",4.70,"3,925.83",200.00,OPL 35 % # 5,AA/platos
19/07/19,4,27,88.20 %,"829,080",4.86,"4,029.33",210.00,OPL 35 % # 5,AA/platos
20/07/19,4,28,87.54 %,"822,876",5.02,"4,130.84",215.00,OPL 35 % # 5,AA/platos
21/07/19,4,29,86.88 %,"816,672",5.18,"4,230.36",0.00,OPL 35 % # 5,AA/platos
22/07/19,4,30,86.18 %,"810,092",5.34,"4,325.89",160.00,OPL 35 % # 5,AA/platos
23/07/19,4,31,85.48 %,"803,512",5.57,"4,475.56",125.00,OPL 35 % # 5,AA/platos
24/07/19,4,32,84.88 %,"797,872",5.81,"4,635.64",125.00,OPL 35 % # 5,AA/platos
25/07/19,4,33,84.08 %,"790,352",6.05,"4,781.63",125.00,OPL 35 % # 5,AA/platos
26/07/19,4,34,83.38 %,"783,772",6.29,"4,929.93",150.00,OPL 35 % # 5,AA/platos
27/07/19,4,35,83.00 %,"780,200",6.53,"5,094.71",175.00,OPL 35 % # 5,AA/platos
28/07/19,4,36,82.75 %,"777,850",6.76,"5,258.27",0.00,OPL 35 % # 5,AA/platos
29/07/19,4,37,82.50 %,"775,500",7.00,"5,428.50",200.00,OPL 35 % # 5,AA/platos
30/07/19,4,38,82.25 %,"773,150",7.24,"5,597.61",200.00,OPL 35 % # 5,AA/platos
31/07/19,4,39,82.00 %,"770,800",7.48,"5,765.58",150.00,OPL 35 % # 5,AA/platos
01/08/19,4,40,81.75 %,"768,450",7.72,"5,932.43",225.00,OPL 35 % # 5,AA/platos
02/08/19,4,41,81.50 %,"766,100",7.96,"6,098.16",225.00,OPL 35 % # 5,AA/platos
03/08/19,4,42,81.00 %,"761,400",8.20,"6,243.48",225.00,OPL 35 % # 5,AA/platos
04/08/19,4,43,80.75 %,"759,050",8.45,"6,413.97",0.00,OPL 35 % # 5,AA/platos
05/08/19,4,44,80.50 %,"756,700",8.70,"6,583.29",225.00,OPL 35 % # 5,AA/platos
06/08/19,4,45,80.25 %,"754,350",9.00,"6,789.15",0.00,OPL 35 % # 5,AA/platos
07/08/19,4,46,80.00 %,"752,000",9.30,"6,993.60",200.00,OPL 35 % # 5,AA/platos
08/08/19,4,47,79.75 %,"749,650",9.60,"7,196.64",225.00,OPL 35 % # 5,AA/platos
09/08/19,4,48,79.50 %,"747,300",9.85,"7,360.91",250.00,OPL 35 % # 5,AA/platos
10/08/19,4,49,77.00 %,"723,800",10.10,"7,310.38",250.00,OPL 35 % # 5,AA/platos
11/08/19,4,50,76.55 %,"719,570",10.35,"7,447.55",0.00,OPL 35 % # 5,AA/platos
12/08/19,4,51,76.10 %,"715,340",10.60,"7,582.60",250.00,OPL 35 % # 5,AA/platos
13/08/19,4,52,75.65 %,"711,110",10.80,"7,679.99",275.00,OPL 35 % # 5,AA/platos
14/08/19,4,53,75.20 %,"706,880",11.05,"7,811.02",300.00,OPL 35 % # 5,AA/platos
15/08/19,4,54,74.75 %,"702,650",11.27,"7,918.87",300.00,OPL 35 % # 5,AA/platos
16/08/19,4,55,74.30 %,"698,420",11.60,"8,101.67",175.00,OPL 35 % # 5,AA/platos
17/08/19,4,56,74.05 %,"696,070",11.93,"8,304.12",150.00,OPL 35 % # 5,AA/platos
18/08/19,4,57,73.85 %,"694,190",12.27,"8,517.71",0.00,OPL 35 % # 5,AA/platos
19/08/19,4,58,73.65 %,"692,310",12.60,"8,723.11",250.00,OPL 35 % # 5,AA/platos
20/08/19,4,59,73.45 %,"690,430",12.88,"8,892.74",300.00,OPL 35 % # 5,AA/platos
21/08/19,4,60,73.25 %,"688,550",13.16,"9,061.32",300.00,OPL 35 % # 5,AA/platos
22/08/19,4,61,73.05 %,"686,670",13.45,"9,235.71",300.00,OPL 35 % # 5,AA/platos
23/08/19,4,62,72.85 %,"684,790",13.71,"9,388.47",300.00,OPL 35 % # 5,AA/platos
24/08/19,4,63,72.60 %,"682,440",13.97,"9,533.69",325.00,OPL 35 % # 5,AA/platos
25/08/19,4,64,72.40 %,"680,560",14.23,"9,684.37",0.00,OPL 35 % # 5,AA/platos
26/08/19,4,65,72.20 %,"678,680",14.50,"9,840.86",325.00,OPL 35 % # 5,AA/platos
27/08/19,4,66,72.00 %,"676,800",14.65,"9,915.12",350.00,OPL 35 % # 5,AA/platos
28/08/19,4,67,71.80 %,"674,920",14.80,"9,988.82",250.00,OPL 35 % # 5,AA/platos
29/08/19,4,68,71.60 %,"673,040",15.00,"10,095.60",200.00,OPL 35 % # 5,AA/platos
30/08/19,4,69,71.40 %,"671,160",15.75,"10,570.77",200.00,OPL 35 % # 5,AA/platos
31/08/19,4,70,71.20 %,"669,280",16.00,"10,708.48",100.00,OPL 35 % # 5,AA/platos
01/09/19,4,71,71.10 %,"668,340",16.25,"10,860.53",0.00,OPL 35 % # 5,AA/platos
02/09/19,4,72,71.00 %,"667,400",16.50,"11,012.10",200.00,OPL 35 % # 5,AA/platos
03/09/19,4,73,70.90 %,"666,460",16.65,"11,096.56",200.00,OPL 35 % # 5,AA/platos
04/09/19,4,74,70.80 %,"665,520",16.80,"11,180.74",200.00,OPL 35 % # 5,AA/platos
05/09/19,4,75,70.70 %,"664,580",17.00,"11,297.86",200.00,OPL 35 % # 5,AA/platos
06/09/19,4,76,70.60 %,"663,640",17.37,"11,527.43",200.00,OPL 35 % # 5,AA/platos
07/09/19,4,77,70.50 %,"662,700",17.75,"11,762.93",200.00,OPL 35 % # 5,AA/platos
08/09/19,4,78,70.45 %,"662,230",18.10,"11,986.36",0.00,OPL 35 % # 5,AA/platos
09/09/19,4,79,70.40 %,"661,760",18.50,"12,242.56",200.00,OPL 35 % # 5,AA/platos
10/09/19,4,80,70.35 %,"661,290",18.66,"12,339.67",200.00,OPL 35 % # 5,AA/platos
11/09/19,4,81,70.30 %,"660,820",18.83,"12,443.24",200.00,OPL 35 % # 5,AA/platos
12/09/19,4,82,70.25 %,"660,350",19.00,"12,546.65",100.00,OPL 35 % # 5,AA/platos
13/09/19,4,83,70.20 %,"659,880",19.38,"12,788.47",100.00,OPL 35 % # 5,AA/platos
14/09/19,4,84,70.15 %,"659,410",19.75,"13,023.35",150.00,OPL 35 % # 5,AA/platos
15/09/19,4,85,70.10 %,"658,940",20.13,"13,264.46",0.00,OPL 35 % # 5,AA/platos
16/09/19,4,86,70.05 %,"658,470",20.50,"13,498.64",200.00,OPL 35 % # 5,AA/platos
17/09/19,4,87,70.00 %,"658,000",20.73,"13,640.34",300.00,OPL 35 % # 5,AA/platos
18/09/19,4,88,69.95 %,"657,530",20.96,"13,781.83",125.00,OPL 35 % # 5,AA/platos
19/09/19,4,89,69.90 %,"657,060",21.20,"13,929.67",125.00,OPL 35 % # 5,AA/platos
20/09/19,4,90,69.85 %,"656,590",21.60,"14,182.34",225.00,OPL 35 % # 5,AA/platos
21/09/19,4,91,69.75 %,"655,650",22.00,"14,424.30",250.00,OPL 35 % # 5,AA/platos
22/09/19,4,92,69.07 %,"649,258",22.40,"14,543.38",0.00,OPL 35 % # 5,AA/platos
23/09/19,4,93,68.39 %,"642,866",22.80,"14,657.34",250.00,OPL 35 % # 5,AA/platos
24/09/19,4,94,67.71 %,"636,474",23.03,"14,658.00",250.00,OPL 35 % # 5,AA/platos
25/09/19,4,95,67.03 %,"630,082",23.38,"14,731.32",275.00,OPL 35 % # 5,AA/platos
26/09/19,4,96,66.35 %,"623,690",23.50,"14,656.72",200.00,OPL 35 % # 5,AA/platos
27/09/19,4,97,65.67 %,"617,298",23.82,"14,704.04",200.00,OPL 35 % # 5,AA/platos
28/09/19,4,98,65.00 %,"611,000",24.15,"14,755.65",200.00,OPL 35 % # 5,AA/platos
29/09/19,4,99,64.32 %,"604,608",24.48,"14,800.80",0.00,OPL 35 % # 5,AA/platos
30/09/19,4,100,63.64 %,"598,216",24.80,"14,835.76",200.00,OPL 35 % # 5,AA/platos
01/10/19,4,101,62.96 %,"591,824",25.08,"14,842.95",250.00,OPL 35 % # 5,AA/platos
02/10/19,4,102,62.40 %,"586,560",25.37,"14,881.03",250.00,OPL 35 % # 5,AA/platos
03/10/19,4,103,62.30 %,"585,620",25.65,"15,021.15",250.00,OPL 35 % # 5,AA/platos
04/10/19,4,104,62.20 %,"584,680",25.86,"15,119.82",225.00,OPL 35 % # 5,AA/platos
05/10/19,4,105,62.10 %,"583,740",26.07,"15,218.10",225.00,OPL 35 % # 5,AA/platos
06/10/19,4,106,62.05 %,"583,270",26.28,"15,328.34",0.00,OPL 35 % # 5,AA/platos
07/10/19,4,107,62.00 %,"582,800",26.50,"15,444.20",250.00,OPL 35 % # 5,AA/platos
08/10/19,4,108,61.95 %,"582,330",26.75,"15,577.33",250.00,OPL 35 % # 5,AA/platos
09/10/19,4,109,61.90 %,"581,860",27.00,"15,710.22",175.00,OPL 35 % # 5,AA/platos
10/10/19,4,110,61.85 %,"581,390",27.25,"15,842.88",175.00,OPL 35 % # 5,AA/platos
11/10/19,4,111,61.80 %,"580,920",27.44,"15,940.44",175.00,OPL 35 % # 5,AA/platos
12/10/19,4,112,61.75 %,"580,450",27.63,"16,037.83",175.00,OPL 35 % # 5,AA/platos
13/10/19,4,113,61.70 %,"579,980",27.81,"16,129.24",0.00,OPL 35 % # 5,AA/platos
14/10/19,4,114,61.70 %,"579,980",28.00,"16,239.44",0.00,OPL 35 % # 5,AA/platos
28/07/19,5,-1,100.00 %,"671,700",0.38,0.00,0.00,NA,NA
29/07/19,5,1,98.00 %,"658,266",0.45,296.22,30.00,NW 38 % # 3,Boleo
30/07/19,5,2,97.75 %,"656,587",0.55,361.12,40.00,NW 38 % # 3,Boleo
31/07/19,5,3,97.50 %,"654,908",0.65,425.69,50.00,NW 38 % # 3,Boleo
01/08/19,5,4,97.25 %,"653,228",0.75,489.92,65.00,NW 38 % # 3,Boleo
02/08/19,5,5,97.00 %,"651,549",0.80,521.24,70.00,NW 38 % # 3,Boleo
03/08/19,5,6,96.75 %,"649,870",0.90,584.88,75.00,NW 38 % # 3,Boleo
04/08/19,5,7,96.50 %,"648,191",1.00,648.19,80.00,NW 38 % # 3,Boleo
05/08/19,5,8,96.25 %,"646,511",1.10,711.16,100.00,NW 38 % # 3,Boleo/Platos
06/08/19,5,9,96.00 %,"644,832",1.35,870.52,110.00,NW 35 % # 4,Boleo/Platos
07/08/19,5,10,95.75 %,"643,153",1.65,"1,061.20",110.00,NW 35 % # 4,Boleo/Platos
08/08/19,5,11,95.50 %,"641,474",1.95,"1,250.87",110.00,NW 35 % # 4,Boleo/Platos
09/08/19,5,12,95.25 %,"639,794",2.05,"1,311.58",115.00,NW 35 % # 4,Boleo/Platos
10/08/19,5,13,95.00 %,"638,115",2.15,"1,371.95",115.00,NW 35 % # 4,Boleo/Platos
11/08/19,5,14,94.50 %,"634,757",2.25,"1,428.20",0.00,NW 35 % # 4,Boleo/Platos
12/08/19,5,15,93.00 %,"624,681",2.38,"1,486.74",115.00,OPL 35 % # 5,AA/platos
13/08/19,5,16,91.50 %,"614,606",2.60,"1,597.97",140.00,OPL 35 % # 5,AA/platos
14/08/19,5,17,90.00 %,"604,530",2.88,"1,741.05",140.00,OPL 35 % # 5,AA/platos
15/08/19,5,18,88.50 %,"594,455",3.05,"1,813.09",150.00,OPL 35 % # 5,AA/platos
16/08/19,5,19,87.00 %,"584,379",3.23,"1,887.54",150.00,OPL 35 % # 5,AA/platos
17/08/19,5,20,85.50 %,"574,304",3.40,"1,952.63",150.00,OPL 35 % # 5,AA/platos
18/08/19,5,21,84.00 %,"564,228",3.58,"2,019.94",150.00,OPL 35 % # 5,AA/platos
19/08/19,5,22,91.50 %,"614,606",3.78,"2,323.21",150.00,OPL 35 % # 5,AA/platos
20/08/19,5,23,90.84 %,"610,172",4.03,"2,458.99",175.00,OPL 35 % # 5,AA/platos
21/08/19,5,24,90.18 %,"605,739",4.36,"2,641.02",175.00,OPL 35 % # 5,AA/platos
22/08/19,5,25,89.52 %,"601,306",4.70,"2,826.14",175.00,OPL 35 % # 5,AA/platos
23/08/19,5,26,88.86 %,"596,873",4.85,"2,894.83",175.00,OPL 35 % # 5,AA/platos
24/08/19,5,27,88.20 %,"592,439",5.00,"2,962.20",175.00,OPL 35 % # 5,AA/platos
25/08/19,5,28,88.00 %,"591,096",5.18,"3,061.88",0.00,OPL 35 % # 5,AA/platos
26/08/19,5,29,87.88 %,"590,290",5.35,"3,158.05",175.00,OPL 35 % # 5,AA/platos
27/08/19,5,30,87.18 %,"585,588",5.61,"3,285.15",200.00,OPL 35 % # 5,AA/platos
28/08/19,5,31,86.48 %,"580,886",5.87,"3,409.80",200.00,OPL 35 % # 5,AA/platos
29/08/19,5,32,85.88 %,"576,856",6.13,"3,536.13",200.00,OPL 35 % # 5,AA/platos
30/08/19,5,33,85.58 %,"574,841",6.38,"3,667.48",200.00,OPL 35 % # 5,AA/platos
31/08/19,5,34,85.38 %,"573,497",6.64,"3,808.02",200.00,OPL 35 % # 5,AA/platos
01/09/19,5,35,85.00 %,"570,945",6.90,"3,939.52",0.00,OPL 35 % # 5,AA/platos
02/09/19,5,36,84.92 %,"570,408",7.15,"4,078.41",225.00,OPL 35 % # 5,AA/platos
03/09/19,5,37,84.42 %,"567,049",7.54,"4,275.55",225.00,OPL 35 % # 5,AA/platos
04/09/19,5,38,84.00 %,"564,228",7.94,"4,479.97",225.00,OPL 35 % # 5,AA/platos
05/09/19,5,39,83.85 %,"563,220",8.34,"4,697.26",225.00,OPL 35 % # 5,AA/platos
06/09/19,5,40,83.70 %,"562,213",8.48,"4,767.57",125.00,OPL 35 % # 5,AA/platos
07/09/19,5,41,83.55 %,"561,205",8.62,"4,837.59",150.00,OPL 35 % # 5,AA/platos
08/09/19,5,42,83.45 %,"560,534",8.76,"4,910.27",0.00,OPL 35 % # 5,AA/platos
09/09/19,5,43,83.44 %,"560,466",8.90,"4,988.15",175.00,OPL 35 % # 5,AA/platos
10/09/19,5,44,83.43 %,"560,399",9.13,"5,116.45",225.00,OPL 35 % # 5,AA/platos
11/09/19,5,45,83.42 %,"560,332",9.37,"5,250.31",0.00,OPL 35 % # 5,AA/platos
12/09/19,5,46,83.41 %,"560,265",9.60,"5,378.54",150.00,OPL 35 % # 5,AA/platos
13/09/19,5,47,83.40 %,"560,198",9.93,"5,562.76",175.00,OPL 35 % # 5,AA/platos
14/09/19,5,48,83.39 %,"560,131",10.25,"5,741.34",175.00,OPL 35 % # 5,AA/platos
15/09/19,5,49,82.89 %,"556,772",10.58,"5,890.65",0.00,OPL 35 % # 5,AA/platos
16/09/19,5,50,82.64 %,"555,093",10.90,"6,050.51",175.00,OPL 35 % # 5,AA/platos
17/09/19,5,51,82.39 %,"553,414",11.23,"6,214.84",175.00,OPL 35 % # 5,AA/platos
18/09/19,5,52,82.00 %,"550,794",11.56,"6,367.18",200.00,OPL 35 % # 5,AA/platos
19/09/19,5,53,81.72 %,"548,880",11.90,"6,531.67",200.00,OPL 35 % # 5,AA/platos
20/09/19,5,54,81.43 %,"546,965",12.30,"6,727.67",200.00,OPL 35 % # 5,AA/platos
21/09/19,5,55,81.15 %,"545,051",12.65,"6,894.89",200.00,OPL 35 % # 5,AA/platos
22/09/19,5,56,80.86 %,"543,137",13.00,"7,060.78",0.00,OPL 35 % # 5,AA/platos
23/09/19,5,57,80.58 %,"541,222",13.40,"7,252.38",200.00,OPL 35 % # 5,AA/platos
24/09/19,5,58,80.29 %,"539,308",13.60,"7,334.59",225.00,OPL 35 % # 5,AA/platos
25/09/19,5,59,80.01 %,"537,394",13.80,"7,416.03",250.00,OPL 35 % # 5,AA/platos
26/09/19,5,60,79.72 %,"535,479",14.00,"7,496.71",250.00,OPL 35 % # 5,AA/platos
27/09/19,5,61,79.44 %,"533,565",14.30,"7,629.98",225.00,OPL 35 % # 5,AA/platos
28/09/19,5,62,79.15 %,"531,651",14.60,"7,762.10",225.00,OPL 35 % # 5,AA/platos
29/09/19,5,63,78.87 %,"529,736",14.90,"7,893.07",0.00,OPL 35 % # 5,AA/platos
30/09/19,5,64,78.58 %,"527,822",15.20,"8,022.89",225.00,OPL 35 % # 5,AA/platos
01/10/19,5,65,78.30 %,"525,908",15.30,"8,046.38",250.00,OPL 35 % # 5,AA/platos
02/10/19,5,66,78.00 %,"523,926",15.40,"8,068.46",275.00,OPL 35 % # 5,AA/platos
03/10/19,5,67,77.57 %,"521,038",15.55,"8,102.14",275.00,OPL 35 % # 5,AA/platos
04/10/19,5,68,77.14 %,"518,149",15.91,"8,243.76",275.00,OPL 35 % # 5,AA/platos
05/10/19,5,69,76.71 %,"515,261",16.28,"8,388.45",250.00,OPL 35 % # 5,AA/platos
06/10/19,5,70,76.28 %,"512,373",16.64,"8,525.88",0.00,OPL 35 % # 5,AA/platos
07/10/19,5,71,75.85 %,"509,484",17.00,"8,661.24",250.00,OPL 35 % # 5,AA/platos
08/10/19,5,72,75.42 %,"506,596",17.33,"8,779.31",275.00,OPL 35 % # 5,AA/platos
09/10/19,5,73,74.99 %,"503,708",17.66,"8,895.48",275.00,OPL 35 % # 5,AA/platos
10/10/19,5,74,74.56 %,"500,820",18.00,"9,014.75",225.00,OPL 35 % # 5,AA/platos
11/10/19,5,75,74.13 %,"497,931",18.25,"9,087.24",225.00,OPL 35 % # 5,AA/platos
12/10/19,5,76,73.70 %,"495,043",18.50,"9,158.29",225.00,OPL 35 % # 5,AA/platos
13/10/19,5,77,73.27 %,"492,155",18.75,"9,227.90",0.00,OPL 35 % # 5,AA/platos
14/10/19,5,78,72.84 %,"489,266",19.00,"9,296.06",250.00,OPL 35 % # 5,AA/platos
15/10/19,5,79,72.41 %,"486,378",19.33,"9,401.69",250.00,OPL 35 % # 5,AA/platos
16/10/19,5,80,72.00 %,"483,624",19.66,"9,508.05",275.00,OPL 35 % # 5,AA/platos
17/10/19,5,81,71.00 %,"476,907",20.00,"9,538.14",275.00,OPL 35 % # 5,AA/platos
18/10/19,5,82,70.00 %,"470,190",20.50,"9,638.90",275.00,OPL 35 % # 5,AA/platos
19/10/19,5,83,69.00 %,"463,473",21.00,"9,732.93",275.00,OPL 35 % # 5,AA/platos
20/10/19,5,84,68.00 %,"456,756",21.50,"9,820.25",0.00,OPL 35 % # 5,AA/platos
21/10/19,5,85,67.00 %,"450,039",22.00,"9,900.86",275.00,OPL 35 % # 5,AA/platos
22/10/19,5,86,66.00 %,"443,322",22.25,"9,863.91",275.00,OPL 35 % # 5,AA/platos
23/10/19,5,87,65.00 %,"436,605",22.50,"9,823.61",275.00,OPL 35 % # 5,AA/platos
24/10/19,5,88,64.30 %,"431,903",22.70,"9,804.20",,OPL 35 % # 5,AA/platos
28/07/19,6,-1,100.00 %,"698,700",0.34,237.56,0.00,NA,NA
29/07/19,6,1,98.00 %,"684,726",0.40,273.89,30.00,NW 38 % # 3,Boleo
30/07/19,6,2,97.75 %,"682,979",0.46,314.17,40.00,NW 38 % # 3,Boleo
31/07/19,6,3,97.50 %,"681,233",0.55,374.68,50.00,NW 38 % # 3,Boleo
01/08/19,6,4,97.25 %,"679,486",0.62,421.28,70.00,NW 38 % # 3,Boleo
02/08/19,6,5,97.00 %,"677,739",0.75,508.30,70.00,NW 38 % # 3,Boleo
03/08/19,6,6,96.75 %,"675,992",0.90,608.39,75.00,NW 38 % # 3,Boleo
04/08/19,6,7,96.50 %,"674,246",1.05,707.96,100.00,NW 38 % # 3,Boleo
05/08/19,6,8,96.25 %,"672,499",1.20,807.00,110.00,NW 38 % # 3,Boleo/Platos
06/08/19,6,9,96.00 %,"670,752",1.40,939.05,120.00,NW 35 % # 4,Boleo/Platos
07/08/19,6,10,95.75 %,"669,005",1.60,"1,070.41",120.00,NW 35 % # 4,Boleo/Platos
08/08/19,6,11,95.50 %,"667,259",1.80,"1,201.07",125.00,NW 35 % # 4,Boleo/Platos
09/08/19,6,12,95.25 %,"665,512",1.95,"1,297.75",125.00,NW 35 % # 4,Boleo/Platos
10/08/19,6,13,95.00 %,"663,765",2.10,"1,393.91",125.00,NW 35 % # 4,Boleo/Platos
11/08/19,6,14,94.50 %,"660,272",2.23,"1,472.41",0.00,NW 35 % # 4,Boleo/Platos
12/08/19,6,15,94.00 %,"656,778",2.39,"1,569.70",125.00,OPL 35 % # 5,AA/platos
13/08/19,6,16,93.50 %,"653,285",2.58,"1,685.47",140.00,OPL 35 % # 5,AA/platos
14/08/19,6,17,93.00 %,"649,791",2.78,"1,806.42",140.00,OPL 35 % # 5,AA/platos
15/08/19,6,18,93.50 %,"653,285",2.97,"1,940.25",150.00,OPL 35 % # 5,AA/platos
16/08/19,6,19,93.00 %,"649,791",3.10,"2,014.35",150.00,OPL 35 % # 5,AA/platos
17/08/19,6,20,92.50 %,"646,298",3.30,"2,132.78",150.00,OPL 35 % # 5,AA/platos
18/08/19,6,21,92.00 %,"642,804",3.50,"2,249.81",100.00,OPL 35 % # 5,AA/platos
19/08/19,6,22,91.50 %,"639,311",3.72,"2,378.24",150.00,OPL 35 % # 5,AA/platos
20/08/19,6,23,90.84 %,"634,699",3.95,"2,507.06",150.00,OPL 35 % # 5,AA/platos
21/08/19,6,24,90.18 %,"630,088",4.25,"2,677.87",150.00,OPL 35 % # 5,AA/platos
22/08/19,6,25,89.52 %,"625,476",4.50,"2,814.64",175.00,OPL 35 % # 5,AA/platos
23/08/19,6,26,88.86 %,"620,865",4.65,"2,887.02",175.00,OPL 35 % # 5,AA/platos
24/08/19,6,27,88.20 %,"616,253",4.80,"2,958.02",175.00,OPL 35 % # 5,AA/platos
25/08/19,6,28,87.54 %,"611,642",4.95,"3,027.63",0.00,OPL 35 % # 5,AA/platos
26/08/19,6,29,86.88 %,"607,031",5.15,"3,126.21",175.00,OPL 35 % # 5,AA/platos
27/08/19,6,30,86.18 %,"602,140",5.47,"3,293.70",100.00,OPL 35 % # 5,AA/platos
28/08/19,6,31,85.48 %,"597,249",5.80,"3,464.04",150.00,OPL 35 % # 5,AA/platos
29/08/19,6,32,84.88 %,"593,057",6.13,"3,635.44",175.00,OPL 35 % # 5,AA/platos
30/08/19,6,33,84.08 %,"587,467",6.31,"3,706.92",175.00,OPL 35 % # 5,AA/platos
31/08/19,6,34,83.38 %,"582,576",6.49,"3,780.92",175.00,OPL 35 % # 5,AA/platos
01/09/19,6,35,82.68 %,"577,685",6.67,"3,853.16",0.00,OPL 35 % # 5,AA/platos
02/09/19,6,36,82.18 %,"574,192",6.85,"3,933.21",175.00,OPL 35 % # 5,AA/platos
03/09/19,6,37,81.88 %,"572,096",7.10,"4,061.88",175.00,OPL 35 % # 5,AA/platos
04/09/19,6,38,81.58 %,"569,999",7.35,"4,189.50",200.00,OPL 35 % # 5,AA/platos
05/09/19,6,39,81.28 %,"567,903",7.60,"4,316.07",200.00,OPL 35 % # 5,AA/platos
06/09/19,6,40,80.98 %,"565,807",8.00,"4,526.46",200.00,OPL 35 % # 5,AA/platos
07/09/19,6,41,80.68 %,"563,711",8.40,"4,735.17",175.00,OPL 35 % # 5,AA/platos
08/09/19,6,42,80.08 %,"559,519",8.80,"4,923.77",0.00,OPL 35 % # 5,AA/platos
09/09/19,6,43,79.86 %,"557,982",9.20,"5,133.43",200.00,OPL 35 % # 5,AA/platos
10/09/19,6,44,79.64 %,"556,445",9.40,"5,230.58",225.00,OPL 35 % # 5,AA/platos
11/09/19,6,45,79.42 %,"554,908",9.60,"5,327.11",0.00,OPL 35 % # 5,AA/platos
12/09/19,6,46,79.20 %,"553,370",9.80,"5,423.03",150.00,OPL 35 % # 5,AA/platos
13/09/19,6,47,78.98 %,"551,833",10.15,"5,601.11",175.00,OPL 35 % # 5,AA/platos
14/09/19,6,48,78.76 %,"550,296",10.50,"5,778.11",175.00,OPL 35 % # 5,AA/platos
15/09/19,6,49,78.54 %,"548,759",10.85,"5,954.03",0.00,OPL 35 % # 5,AA/platos
16/09/19,6,50,78.32 %,"547,222",11.20,"6,128.88",175.00,OPL 35 % # 5,AA/platos
17/09/19,6,51,78.10 %,"545,685",11.40,"6,220.81",175.00,OPL 35 % # 5,AA/platos
18/09/19,6,52,77.88 %,"544,148",11.60,"6,312.11",200.00,OPL 35 % # 5,AA/platos
19/09/19,6,53,77.66 %,"542,610",11.80,"6,402.80",200.00,OPL 35 % # 5,AA/platos
20/09/19,6,54,77.44 %,"541,073",12.15,"6,574.04",175.00,OPL 35 % # 5,AA/platos
21/09/19,6,55,77.22 %,"539,536",12.50,"6,744.20",200.00,OPL 35 % # 5,AA/platos
22/09/19,6,56,77.00 %,"537,999",12.85,"6,913.29",0.00,OPL 35 % # 5,AA/platos
23/09/19,6,57,76.00 %,"531,012",13.20,"7,009.36",200.00,OPL 35 % # 5,AA/platos
24/09/19,6,58,75.00 %,"524,025",13.50,"7,074.34",225.00,OPL 35 % # 5,AA/platos
25/09/19,6,59,74.00 %,"517,038",13.85,"7,160.98",250.00,OPL 35 % # 5,AA/platos
26/09/19,6,60,73.00 %,"510,051",14.20,"7,242.72",250.00,OPL 35 % # 5,AA/platos
27/09/19,6,61,72.00 %,"503,064",14.45,"7,269.27",225.00,OPL 35 % # 5,AA/platos
28/09/19,6,62,71.50 %,"499,571",14.70,"7,343.69",225.00,OPL 35 % # 5,AA/platos
29/09/19,6,63,71.00 %,"496,077",14.95,"7,416.35",0.00,OPL 35 % # 5,AA/platos
30/09/19,6,64,70.50 %,"492,584",15.20,"7,487.27",225.00,OPL 35 % # 5,AA/platos
01/10/19,6,65,70.00 %,"489,090",15.45,"7,556.44",250.00,OPL 35 % # 5,AA/platos
02/10/19,6,66,69.50 %,"485,597",15.72,"7,633.58",250.00,OPL 35 % # 5,AA/platos
03/10/19,6,67,69.00 %,"482,103",16.00,"7,713.65",250.00,OPL 35 % # 5,AA/platos
04/10/19,6,68,68.50 %,"478,610",16.30,"7,801.33",250.00,OPL 35 % # 5,AA/platos
05/10/19,6,69,68.00 %,"475,116",16.60,"7,886.93",250.00,OPL 35 % # 5,AA/platos
06/10/19,6,70,67.50 %,"471,623",16.90,"7,970.42",0.00,OPL 35 % # 5,AA/platos
07/10/19,6,71,67.35 %,"470,574",17.20,"8,093.88",225.00,OPL 35 % # 5,AA/platos
08/10/19,6,72,67.20 %,"469,526",17.53,"8,230.80",250.00,OPL 35 % # 5,AA/platos
09/10/19,6,73,67.05 %,"468,478",17.86,"8,367.02",250.00,OPL 35 % # 5,AA/platos
10/10/19,6,74,66.90 %,"467,430",18.20,"8,507.23",200.00,OPL 35 % # 5,AA/platos
11/10/19,6,75,66.75 %,"466,382",18.45,"8,604.75",200.00,OPL 35 % # 5,AA/platos
12/10/19,6,76,66.65 %,"465,684",18.60,"8,661.71",200.00,OPL 35 % # 5,AA/platos
13/10/19,6,77,66.55 %,"464,985",18.85,"8,764.96",0.00,OPL 35 % # 5,AA/platos
14/10/19,6,78,66.45 %,"464,286",19.20,"8,914.29",250.00,OPL 35 % # 5,AA/platos
15/10/19,6,79,66.35 %,"463,587",19.63,"9,100.22",250.00,OPL 35 % # 5,AA/platos
16/10/19,6,80,66.25 %,"462,889",20.06,"9,285.55",275.00,OPL 35 % # 5,AA/platos
17/10/19,6,81,66.20 %,"462,539",20.50,"9,482.06",275.00,OPL 35 % # 5,AA/platos
18/10/19,6,82,66.15 %,"462,190",20.87,"9,645.91",275.00,OPL 35 % # 5,AA/platos
19/10/19,6,83,66.10 %,"461,841",21.25,"9,814.11",275.00,OPL 35 % # 5,AA/platos
20/10/19,6,84,66.05 %,"461,491",21.63,"9,982.06",0.00,OPL 35 % # 5,AA/platos
21/10/19,6,85,66.00 %,"461,142",22.00,"10,145.12",275.00,OPL 35 % # 5,AA/platos
22/10/19,6,86,65.95 %,"460,793",22.16,"10,211.17",275.00,OPL 35 % # 5,AA/platos
23/10/19,6,87,65.90 %,"460,443",22.32,"10,277.09",275.00,OPL 35 % # 5,AA/platos
24/10/19,6,88,65.85 %,"460,094",22.48,"10,342.91",275.00,OPL 35 % # 5,AA/platos
25/10/19,6,89,65.80 %,"459,745",22.65,"10,413.22",0.00,OPL 35 % # 5,AA/platos
26/10/19,6,90,65.75 %,"459,395",22.80,"10,474.21",250.00,OPL 35 % # 5,AA/platos
27/10/19,6,91,65.60 %,"458,347",23.00,"10,541.99",150.00,OPL 35 % # 5,AA/platos
28/10/19,6,92,65.50 %,"457,649",23.18,"10,608.29",0.00,OPL 35 % # 5,AA/platos
25/07/19,7,-1,100.00 %,"794,000",0.18,142.92,0.00,NA,NA
26/07/19,7,1,98.00 %,"778,120",0.22,171.19,25.00,NW 38 % # 3,Boleo
27/07/19,7,2,97.75 %,"776,135",0.25,194.03,50.00,NW 38 % # 3,Boleo
28/07/19,7,3,97.50 %,"774,150",0.30,232.25,50.00,NW 38 % # 3,Boleo
29/07/19,7,4,97.25 %,"772,165",0.35,270.26,50.00,NW 38 % # 3,Boleo
30/07/19,7,5,97.00 %,"770,180",0.40,308.07,60.00,NW 38 % # 3,Boleo
31/07/19,7,6,96.75 %,"768,195",0.45,345.69,80.00,NW 38 % # 3,Boleo
01/08/19,7,7,96.50 %,"766,210",0.50,383.11,100.00,NW 38 % # 3,Boleo
02/08/19,7,8,96.25 %,"764,225",0.55,420.32,100.00,NW 38 % # 3,Boleo/Platos
03/08/19,7,9,96.00 %,"762,240",0.73,556.44,110.00,NW 35 % # 4,Boleo/Platos
04/08/19,7,10,95.75 %,"760,255",0.91,691.83,115.00,NW 35 % # 4,Boleo/Platos
05/08/19,7,11,95.50 %,"758,270",1.10,834.10,120.00,NW 35 % # 4,Boleo/Platos
06/08/19,7,12,95.25 %,"756,285",1.24,937.79,125.00,NW 35 % # 4,Boleo/Platos
07/08/19,7,13,95.00 %,"754,300",1.38,"1,040.93",125.00,NW 35 % # 4,Boleo/Platos
08/08/19,7,14,94.50 %,"750,330",1.53,"1,148.00",125.00,NW 35 % # 4,Boleo/Platos
09/08/19,7,15,94.00 %,"746,360",1.72,"1,283.74",150.00,OPL 35 % # 5,AA/platos
10/08/19,7,16,93.50 %,"742,390",1.91,"1,417.96",150.00,OPL 35 % # 5,AA/platos
11/08/19,7,17,93.00 %,"738,420",2.00,"1,476.84",150.00,OPL 35 % # 5,AA/platos
12/08/19,7,18,92.50 %,"734,450",2.30,"1,689.24",150.00,OPL 35 % # 5,AA/platos
13/08/19,7,19,92.00 %,"730,480",2.48,"1,811.59",125.00,OPL 35 % # 5,AA/platos
14/08/19,7,20,91.50 %,"726,510",2.67,"1,939.78",150.00,OPL 35 % # 5,AA/platos
15/08/19,7,21,91.00 %,"722,540",2.86,"2,066.46",150.00,OPL 35 % # 5,AA/platos
16/08/19,7,22,90.75 %,"720,555",2.90,"2,089.61",175.00,OPL 35 % # 5,AA/platos
17/08/19,7,23,90.50 %,"718,570",2.97,"2,134.15",175.00,OPL 35 % # 5,AA/platos
18/08/19,7,24,90.25 %,"716,585",3.07,"2,199.92",100.00,OPL 35 % # 5,AA/platos
19/08/19,7,25,90.00 %,"714,600",3.14,"2,243.84",175.00,OPL 35 % # 5,AA/platos
20/08/19,7,26,89.75 %,"712,615",3.49,"2,487.03",175.00,OPL 35 % # 5,AA/platos
21/08/19,7,27,89.50 %,"710,630",3.84,"2,728.82",175.00,OPL 35 % # 5,AA/platos
22/08/19,7,28,89.30 %,"709,042",4.20,"2,977.98",175.00,OPL 35 % # 5,AA/platos
23/08/19,7,29,89.10 %,"707,454",4.30,"3,042.05",200.00,OPL 35 % # 5,AA/platos
24/08/19,7,30,88.90 %,"705,866",4.40,"3,105.81",200.00,OPL 35 % # 5,AA/platos
25/08/19,7,31,88.70 %,"704,278",4.50,"3,169.25",200.00,OPL 35 % # 5,AA/platos
26/08/19,7,32,88.50 %,"702,690",4.60,"3,232.37",200.00,OPL 35 % # 5,AA/platos
27/08/19,7,33,88.30 %,"701,102",4.76,"3,337.25",100.00,OPL 35 % # 5,AA/platos
28/08/19,7,34,88.10 %,"699,514",4.90,"3,427.62",175.00,OPL 35 % # 5,AA/platos
29/08/19,7,35,88.00 %,"698,720",5.24,"3,661.29",175.00,OPL 35 % # 5,AA/platos
30/08/19,7,36,87.00 %,"690,780",5.43,"3,750.94",0.00,OPL 35 % # 5,AA/platos
31/08/19,7,37,86.00 %,"682,840",5.60,"3,823.90",175.00,OPL 35 % # 5,AA/platos
01/09/19,7,38,85.00 %,"674,900",5.81,"3,921.17",0.00,OPL 35 % # 5,AA/platos
02/09/19,7,39,84.00 %,"666,960",6.00,"4,001.76",175.00,OPL 35 % # 5,AA/platos
03/09/19,7,40,83.00 %,"659,020",6.21,"4,092.51",175.00,OPL 35 % # 5,AA/platos
04/09/19,7,41,82.00 %,"651,080",6.40,"4,166.91",100.00,OPL 35 % # 5,AA/platos
05/09/19,7,42,81.00 %,"643,140",6.61,"4,251.16",75.00,OPL 35 % # 5,AA/platos
06/09/19,7,43,80.00 %,"635,200",6.84,"4,344.77",150.00,OPL 35 % # 5,AA/platos
07/09/19,7,44,78.00 %,"619,320",7.07,"4,378.59",200.00,OPL 35 % # 5,AA/platos
08/09/19,7,45,76.00 %,"603,440",7.31,"4,411.15",200.00,OPL 35 % # 5,AA/platos
09/09/19,7,46,74.00 %,"587,560",7.54,"4,430.20",200.00,OPL 35 % # 5,AA/platos
10/09/19,7,47,72.00 %,"571,680",7.76,"4,436.24",200.00,OPL 35 % # 5,AA/platos
11/09/19,7,48,70.00 %,"555,800",7.98,"4,435.28",175.00,OPL 35 % # 5,AA/platos
12/09/19,7,49,68.00 %,"539,920",8.20,"4,427.34",150.00,OPL 35 % # 5,AA/platos
13/09/19,7,50,66.00 %,"524,040",8.54,"4,475.30",125.00,OPL 35 % # 5,AA/platos
14/09/19,7,51,65.00 %,"516,100",8.87,"4,577.81",125.00,OPL 35 % # 5,AA/platos
15/09/19,7,52,64.00 %,"508,160",9.20,"4,675.07",0.00,OPL 35 % # 5,AA/platos
16/09/19,7,53,63.00 %,"500,220",9.54,"4,772.10",125.00,OPL 35 % # 5,AA/platos
17/09/19,7,54,62.00 %,"492,280",9.83,"4,839.11",175.00,OPL 35 % # 5,AA/platos
18/09/19,7,55,61.50 %,"488,310",10.11,"4,936.81",200.00,OPL 35 % # 5,AA/platos
19/09/19,7,56,61.00 %,"484,340",10.40,"5,037.14",200.00,OPL 35 % # 5,AA/platos
20/09/19,7,57,60.65 %,"481,561",10.80,"5,200.86",200.00,OPL 35 % # 5,AA/platos
21/09/19,7,58,60.30 %,"478,782",11.00,"5,266.60",50.00,OPL 35 % # 5,AA/platos
22/09/19,7,59,59.95 %,"476,003",11.60,"5,521.63",0.00,OPL 35 % # 5,AA/platos
23/09/19,7,60,59.70 %,"474,018",12.00,"5,688.22",175.00,OPL 35 % # 5,AA/platos
24/09/19,7,61,59.45 %,"472,033",12.33,"5,820.17",225.00,OPL 35 % # 5,AA/platos
25/09/19,7,62,59.20 %,"470,048",12.66,"5,950.81",225.00,OPL 35 % # 5,AA/platos
26/09/19,7,63,59.00 %,"468,460",13.00,"6,089.98",225.00,OPL 35 % # 5,AA/platos
27/09/19,7,64,58.85 %,"467,269",13.30,"6,214.68",200.00,OPL 35 % # 5,AA/platos
28/09/19,7,65,58.70 %,"466,078",13.65,"6,361.96",200.00,OPL 35 % # 5,AA/platos
29/09/19,7,66,58.55 %,"464,887",13.98,"6,499.12",0.00,OPL 35 % # 5,AA/platos
30/09/19,7,67,58.40 %,"463,696",14.30,"6,630.85",200.00,OPL 35 % # 5,AA/platos
01/10/19,7,68,58.30 %,"462,902",14.70,"6,804.66",225.00,OPL 35 % # 5,AA/platos
02/10/19,7,69,58.20 %,"462,108",15.10,"6,977.83",150.00,OPL 35 % # 5,AA/platos
03/10/19,7,70,58.10 %,"461,314",15.50,"7,150.37",200.00,OPL 35 % # 5,AA/platos
04/10/19,7,71,58.00 %,"460,520",15.82,"7,285.43",200.00,OPL 35 % # 5,AA/platos
05/10/19,7,72,57.90 %,"459,726",16.15,"7,424.57",200.00,OPL 35 % # 5,AA/platos
06/10/19,7,73,57.80 %,"458,932",16.48,"7,563.20",0.00,OPL 35 % # 5,AA/platos
07/10/19,7,74,57.00 %,"452,580",16.80,"7,603.34",200.00,OPL 35 % # 5,AA/platos
08/10/19,7,75,56.20 %,"446,228",17.20,"7,675.12",200.00,OPL 35 % # 5,AA/platos
09/10/19,7,76,55.40 %,"439,876",17.60,"7,741.82",200.00,OPL 35 % # 5,AA/platos
10/10/19,7,77,54.60 %,"433,524",18.00,"7,803.43",200.00,OPL 35 % # 5,AA/platos
11/10/19,7,78,53.90 %,"427,966",18.50,"7,917.37",200.00,OPL 35 % # 5,AA/platos
12/10/19,7,79,53.30 %,"423,202",19.00,"8,040.84",200.00,OPL 35 % # 5,AA/platos
13/10/19,7,80,52.80 %,"419,232",19.50,"8,175.02",0.00,OPL 35 % # 5,AA/platos
14/10/19,7,81,52.30 %,"415,262",20.00,"8,305.24",200.00,OPL 35 % # 5,AA/platos
15/10/19,7,82,51.80 %,"411,292",20.33,"8,361.57",200.00,OPL 35 % # 5,AA/platos
16/10/19,7,83,51.30 %,"407,322",20.66,"8,415.27",200.00,OPL 35 % # 5,AA/platos
17/10/19,7,84,51.00 %,"404,940",21.00,"8,503.74",225.00,OPL 35 % # 5,AA/platos
18/10/19,7,85,49.80 %,"395,412",21.37,"8,449.95",225.00,OPL 35 % # 5,AA/platos
19/10/19,7,86,48.60 %,"385,884",21.40,"8,257.92",225.00,OPL 35 % # 5,AA/platos
20/10/19,7,87,47.40 %,"376,356",21.60,"8,129.29",0.00,OPL 35 % # 5,AA/platos
21/10/19,7,88,46.20 %,"366,828",21.80,"7,996.85",225.00,OPL 35 % # 5,AA/platos
22/10/19,7,89,45.40 %,"360,476",22.00,"7,930.47",0.00,OPL 35 % # 5,AA/platos
25/07/19,8,-1,100.00 %,"784,500",0.19,149.06,0.00,NA,NA
26/07/19,8,1,98.00 %,"768,810",0.22,169.14,30.00,NW 38 % # 3,Boleo
27/07/19,8,2,97.75 %,"766,849",0.25,191.71,50.00,NW 38 % # 3,Boleo
28/07/19,8,3,97.50 %,"764,888",0.30,229.47,50.00,NW 38 % # 3,Boleo
29/07/19,8,4,97.25 %,"762,926",0.35,267.02,50.00,NW 38 % # 3,Boleo
30/07/19,8,5,97.00 %,"760,965",0.40,304.39,60.00,NW 38 % # 3,Boleo
31/07/19,8,6,96.75 %,"759,004",0.45,341.55,80.00,NW 38 % # 3,Boleo
01/08/19,8,7,96.50 %,"757,043",0.52,393.66,100.00,NW 38 % # 3,Boleo
02/08/19,8,8,96.25 %,"755,081",0.64,483.25,100.00,NW 38 % # 3,Boleo/Platos
03/08/19,8,9,96.00 %,"753,120",0.76,572.37,110.00,NW 35 % # 4,Boleo/Platos
04/08/19,8,10,95.75 %,"751,159",0.88,661.02,115.00,NW 35 % # 4,Boleo/Platos
05/08/19,8,11,95.50 %,"749,198",1.10,824.12,125.00,NW 35 % # 4,Boleo/Platos
06/08/19,8,12,95.25 %,"747,236",1.20,896.68,125.00,NW 35 % # 4,Boleo/Platos
07/08/19,8,13,95.00 %,"745,275",1.33,991.22,125.00,NW 35 % # 4,Boleo/Platos
08/08/19,8,14,94.50 %,"741,353",1.53,"1,134.27",125.00,NW 35 % # 4,Boleo/Platos
09/08/19,8,15,94.00 %,"737,430",1.78,"1,312.63",130.00,OPL 35 % # 5,AA/platos
10/08/19,8,16,93.50 %,"733,508",2.05,"1,503.69",130.00,OPL 35 % # 5,AA/platos
11/08/19,8,17,93.00 %,"729,585",2.30,"1,678.05",0.00,OPL 35 % # 5,AA/platos
12/08/19,8,18,93.50 %,"733,508",2.56,"1,877.78",130.00,OPL 35 % # 5,AA/platos
13/08/19,8,19,93.00 %,"729,585",2.70,"1,969.88",160.00,OPL 35 % # 5,AA/platos
14/08/19,8,20,92.50 %,"725,663",2.84,"2,060.88",160.00,OPL 35 % # 5,AA/platos
15/08/19,8,21,92.00 %,"721,740",2.98,"2,150.79",160.00,OPL 35 % # 5,AA/platos
16/08/19,8,22,91.50 %,"717,818",3.20,"2,297.02",175.00,OPL 35 % # 5,AA/platos
17/08/19,8,23,90.84 %,"712,640",3.42,"2,437.23",175.00,OPL 35 % # 5,AA/platos
18/08/19,8,24,90.18 %,"707,462",3.64,"2,575.16",100.00,OPL 35 % # 5,AA/platos
19/08/19,8,25,89.52 %,"702,284",3.87,"2,717.84",175.00,OPL 35 % # 5,AA/platos
20/08/19,8,26,88.86 %,"697,107",3.98,"2,774.48",175.00,OPL 35 % # 5,AA/platos
21/08/19,8,27,88.20 %,"691,929",4.09,"2,829.99",175.00,OPL 35 % # 5,AA/platos
22/08/19,8,28,87.54 %,"686,751",4.20,"2,884.36",200.00,OPL 35 % # 5,AA/platos
23/08/19,8,29,86.88 %,"681,574",4.46,"3,039.82",200.00,OPL 35 % # 5,AA/platos
24/08/19,8,30,86.18 %,"676,082",4.70,"3,177.59",200.00,OPL 35 % # 5,AA/platos
25/08/19,8,31,85.48 %,"670,591",4.98,"3,339.54",0.00,OPL 35 % # 5,AA/platos
26/08/19,8,32,84.88 %,"665,884",5.24,"3,489.23",200.00,OPL 35 % # 5,AA/platos
27/08/19,8,33,84.08 %,"659,608",5.55,"3,660.82",200.00,OPL 35 % # 5,AA/platos
28/08/19,8,34,83.38 %,"654,116",5.86,"3,833.12",225.00,OPL 35 % # 5,AA/platos
29/08/19,8,35,82.68 %,"648,625",6.17,"4,002.01",225.00,OPL 35 % # 5,AA/platos
30/08/19,8,36,82.18 %,"644,702",6.38,"4,113.20",225.00,OPL 35 % # 5,AA/platos
31/08/19,8,37,81.88 %,"642,349",6.60,"4,239.50",225.00,OPL 35 % # 5,AA/platos
01/09/19,8,38,81.58 %,"639,995",6.82,"4,364.77",0.00,OPL 35 % # 5,AA/platos
02/09/19,8,39,81.28 %,"637,642",7.04,"4,489.00",225.00,OPL 35 % # 5,AA/platos
03/09/19,8,40,80.98 %,"635,288",7.39,"4,694.78",225.00,OPL 35 % # 5,AA/platos
04/09/19,8,41,80.68 %,"632,935",7.74,"4,898.91",225.00,OPL 35 % # 5,AA/platos
05/09/19,8,42,80.08 %,"628,228",8.09,"5,082.36",225.00,OPL 35 % # 5,AA/platos
06/09/19,8,43,79.86 %,"626,502",8.32,"5,212.49",225.00,OPL 35 % # 5,AA/platos
07/09/19,8,44,79.64 %,"624,776",8.55,"5,341.83",225.00,OPL 35 % # 5,AA/platos
08/09/19,8,45,79.42 %,"623,050",8.77,"5,464.15",0.00,OPL 35 % # 5,AA/platos
09/09/19,8,46,79.20 %,"621,324",9.00,"5,591.92",225.00,OPL 35 % # 5,AA/platos
10/09/19,8,47,78.98 %,"619,598",9.25,"5,731.28",225.00,OPL 35 % # 5,AA/platos
11/09/19,8,48,78.76 %,"617,872",9.50,"5,869.79",0.00,OPL 35 % # 5,AA/platos
12/09/19,8,49,78.54 %,"616,146",9.70,"5,976.62",175.00,OPL 35 % # 5,AA/platos
13/09/19,8,50,78.32 %,"614,420",10.03,"6,162.64",175.00,OPL 35 % # 5,AA/platos
14/09/19,8,51,78.10 %,"612,695",10.35,"6,341.39",175.00,OPL 35 % # 5,AA/platos
15/09/19,8,52,77.88 %,"610,969",10.68,"6,525.14",0.00,OPL 35 % # 5,AA/platos
16/09/19,8,53,77.66 %,"609,243",11.00,"6,701.67",175.00,OPL 35 % # 5,AA/platos
17/09/19,8,54,77.44 %,"607,517",11.33,"6,883.17",200.00,OPL 35 % # 5,AA/platos
18/09/19,8,55,77.22 %,"605,791",11.66,"7,063.52",225.00,OPL 35 % # 5,AA/platos
19/09/19,8,56,77.00 %,"604,065",12.00,"7,248.78",225.00,OPL 35 % # 5,AA/platos
20/09/19,8,57,76.78 %,"602,339",12.28,"7,396.72",225.00,OPL 35 % # 5,AA/platos
21/09/19,8,58,76.56 %,"600,613",12.55,"7,537.70",225.00,OPL 35 % # 5,AA/platos
22/09/19,8,59,76.34 %,"598,887",12.83,"7,683.72",0.00,OPL 35 % # 5,AA/platos
23/09/19,8,60,76.12 %,"597,161",13.10,"7,822.81",225.00,OPL 35 % # 5,AA/platos
24/09/19,8,61,75.90 %,"595,436",13.40,"7,978.84",225.00,OPL 35 % # 5,AA/platos
25/09/19,8,62,75.68 %,"593,710",13.70,"8,133.82",250.00,OPL 35 % # 5,AA/platos
26/09/19,8,63,75.46 %,"591,984",14.00,"8,287.77",250.00,OPL 35 % # 5,AA/platos
27/09/19,8,64,74.16 %,"581,785",14.28,"8,307.89",250.00,OPL 35 % # 5,AA/platos
28/09/19,8,65,72.86 %,"571,587",14.55,"8,316.59",250.00,OPL 35 % # 5,AA/platos
29/09/19,8,66,71.56 %,"561,388",14.83,"8,325.39",0.00,OPL 35 % # 5,AA/platos
30/09/19,8,67,70.26 %,"551,190",15.10,"8,322.96",250.00,OPL 35 % # 5,AA/platos
01/10/19,8,68,68.96 %,"540,991",15.40,"8,331.26",250.00,OPL 35 % # 5,AA/platos
02/10/19,8,69,67.66 %,"530,793",15.70,"8,333.45",250.00,OPL 35 % # 5,AA/platos
03/10/19,8,70,66.00 %,"517,770",16.00,"8,284.32",250.00,OPL 35 % # 5,AA/platos
04/10/19,8,71,65.72 %,"515,573",16.30,"8,403.85",250.00,OPL 35 % # 5,AA/platos
05/10/19,8,72,65.44 %,"513,377",16.60,"8,522.05",250.00,OPL 35 % # 5,AA/platos
06/10/19,8,73,65.16 %,"511,180",16.90,"8,638.95",0.00,OPL 35 % # 5,AA/platos
07/10/19,8,74,64.88 %,"508,984",17.20,"8,754.52",225.00,OPL 35 % # 5,AA/platos
08/10/19,8,75,64.60 %,"506,787",17.55,"8,894.11",250.00,OPL 35 % # 5,AA/platos
09/10/19,8,76,64.32 %,"504,590",17.95,"9,057.40",250.00,OPL 35 % # 5,AA/platos
10/10/19,8,77,64.00 %,"502,080",18.30,"9,188.06",275.00,OPL 35 % # 5,AA/platos
11/10/19,8,78,63.72 %,"499,883",18.50,"9,247.84",275.00,OPL 35 % # 5,AA/platos
12/10/19,8,79,63.44 %,"497,687",18.75,"9,331.63",275.00,OPL 35 % # 5,AA/platos
13/10/19,8,80,63.16 %,"495,490",19.00,"9,414.31",0.00,OPL 35 % # 5,AA/platos
14/10/19,8,81,62.88 %,"493,294",19.20,"9,471.24",275.00,OPL 35 % # 5,AA/platos
15/10/19,8,82,62.60 %,"491,097",19.63,"9,640.23",275.00,OPL 35 % # 5,AA/platos
16/10/19,8,83,62.32 %,"488,900",20.15,"9,851.34",275.00,OPL 35 % # 5,AA/platos
17/10/19,8,84,62.00 %,"486,390",20.50,"9,971.00",275.00,OPL 35 % # 5,AA/platos
18/10/19,8,85,61.72 %,"484,193",21.00,"10,168.06",275.00,OPL 35 % # 5,AA/platos
19/10/19,8,86,61.64 %,"483,566",21.50,"10,396.66",275.00,OPL 35 % # 5,AA/platos
20/10/19,8,87,61.56 %,"482,938",22.10,"10,672.93",0.00,OPL 35 % # 5,AA/platos
21/10/19,8,88,61.48 %,"482,311",22.60,"10,900.22",275.00,OPL 35 % # 5,AA/platos
22/10/19,8,89,61.40 %,"481,683",22.70,"10,934.20",275.00,OPL 35 % # 5,AA/platos
23/10/19,8,90,61.32 %,"481,055",22.90,"11,016.17",275.00,OPL 35 % # 5,AA/platos
24/10/19,8,91,61.00 %,"478,545",23.00,"11,006.54",275.00,OPL 35 % # 5,AA/platos
25/10/19,8,92,60.72 %,"476,348",23.25,"11,075.10",0.00,OPL 35 % # 5,AA/platos
26/10/19,8,93,60.44 %,"474,152",23.50,"11,142.57",250.00,OPL 35 % # 5,AA/platos
27/10/19,8,94,60.16 %,"471,955",23.75,"11,208.94",225.00,OPL 35 % # 5,AA/platos
28/10/19,8,95,59.88 %,"469,759",24.00,"11,274.21",150.00,OPL 35 % # 5,AA/platos
29/10/19,8,96,59.80 %,"469,131",24.20,"11,352.97",150.00,OPL 35 % # 5,AA/platos
30/10/19,8,97,59.70 %,"468,347",24.30,"11,380.82",0.00,OPL 35 % # 5,AA/platos
28/07/19,11,-1,100.00 %,"1,000,000.00",0.24,240.00,0.00,NA,NA
29/07/19,11,1,98.00 %,"980,000.00",0.35,343.00,75.00,NW 38 % # 3,Boleo
30/07/19,11,2,97.75 %,"977,500.00",0.46,449.65,75.00,NW 38 % # 3,Boleo
31/07/19,11,3,97.50 %,"975,000.00",0.58,565.50,75.00,NW 38 % # 3,Boleo
01/08/19,11,4,97.25 %,"972,500.00",0.69,671.03,75.00,NW 38 % # 3,Boleo
02/08/19,11,5,97.00 %,"970,000.00",0.82,795.40,75.00,NW 38 % # 3,Boleo
03/08/19,11,6,96.75 %,"967,500.00",0.95,919.13,90.00,NW 38 % # 3,Boleo
04/08/19,11,7,96.50 %,"965,000.00",1.08,"1,042.20",100.00,NW 38 % # 3,Boleo
05/08/19,11,8,96.25 %,"962,500.00",1.20,"1,155.00",105.00,NW 38 % # 3,Boleo/Platos
06/08/19,11,9,96.00 %,"960,000.00",1.40,"1,344.00",110.00,NW 35 % # 4,Boleo/Platos
07/08/19,11,10,95.75 %,"957,500.00",1.61,"1,541.58",125.00,NW 35 % # 4,Boleo/Platos
08/08/19,11,11,95.50 %,"955,000.00",1.82,"1,738.10",125.00,NW 35 % # 4,Boleo/Platos
09/08/19,11,12,95.25 %,"952,500.00",1.97,"1,876.43",125.00,NW 35 % # 4,Boleo/Platos
10/08/19,11,13,95.00 %,"950,000.00",2.13,"2,023.50",150.00,NW 35 % # 4,Boleo/Platos
11/08/19,11,14,94.50 %,"945,000.00",2.30,"2,173.50",150.00,NW 35 % # 4,Boleo/Platos
12/08/19,11,15,94.00 %,"940,000.00",2.45,"2,303.00",150.00,OPL 35 % # 5,AA/platos
13/08/19,11,16,93.50 %,"935,000.00",2.61,"2,440.35",0.00,OPL 35 % # 5,AA/platos
14/08/19,11,17,93.00 %,"930,000.00",2.77,"2,576.10",150.00,OPL 35 % # 5,AA/platos
15/08/19,11,18,92.50 %,"925,000.00",2.93,"2,710.25",190.00,OPL 35 % # 5,AA/platos
16/08/19,11,19,92.00 %,"920,000.00",3.15,"2,898.00",190.00,OPL 35 % # 5,AA/platos
17/08/19,11,20,91.50 %,"915,000.00",3.37,"3,083.55",190.00,OPL 35 % # 5,AA/platos
18/08/19,11,21,91.00 %,"910,000.00",3.60,"3,276.00",200.00,OPL 35 % # 5,AA/platos
19/08/19,11,22,90.50 %,"905,000.00",3.81,"3,448.05",200.00,OPL 35 % # 5,AA/platos
20/08/19,11,23,90.00 %,"900,000.00",4.08,"3,672.00",100.00,OPL 35 % # 5,AA/platos
21/08/19,11,24,89.50 %,"895,000.00",4.35,"3,893.25",200.00,OPL 35 % # 5,AA/platos
22/08/19,11,25,89.00 %,"890,000.00",4.62,"4,111.80",200.00,OPL 35 % # 5,AA/platos
23/08/19,11,26,88.50 %,"885,000.00",4.80,"4,248.00",200.00,OPL 35 % # 5,AA/platos
24/08/19,11,27,88.00 %,"880,000.00",4.98,"4,382.40",200.00,OPL 35 % # 5,AA/platos
25/08/19,11,28,87.50 %,"875,000.00",5.17,"4,523.75",200.00,OPL 35 % # 5,AA/platos
26/08/19,11,29,87.00 %,"870,000.00",5.35,"4,654.50",225.00,OPL 35 % # 5,AA/platos
27/08/19,11,30,86.50 %,"865,000.00",5.60,"4,844.00",0.00,OPL 35 % # 5,AA/platos
28/08/19,11,31,86.00 %,"860,000.00",5.86,"5,039.60",225.00,OPL 35 % # 5,AA/platos
29/08/19,11,32,85.50 %,"855,000.00",6.11,"5,224.05",225.00,OPL 35 % # 5,AA/platos
30/08/19,11,33,85.00 %,"850,000.00",6.35,"5,397.50",225.00,OPL 35 % # 5,AA/platos
31/08/19,11,34,84.50 %,"845,000.00",6.58,"5,560.10",225.00,OPL 35 % # 5,AA/platos
01/09/19,11,35,84.00 %,"840,000.00",6.81,"5,720.40",225.00,OPL 35 % # 5,AA/platos
02/09/19,11,36,82.00 %,"820,000.00",7.05,"5,781.00",225.00,OPL 35 % # 5,AA/platos
03/09/19,11,37,80.00 %,"800,000.00",7.40,"5,920.00",0.00,OPL 35 % # 5,AA/platos
04/09/19,11,38,78.00 %,"780,000.00",7.70,"6,006.00",225.00,OPL 35 % # 5,AA/platos
05/09/19,11,39,77.00 %,"770,000.00",8.00,"6,160.00",250.00,OPL 35 % # 5,AA/platos
06/09/19,11,40,76.00 %,"760,000.00",8.15,"6,194.00",250.00,OPL 35 % # 5,AA/platos
07/09/19,11,41,75.00 %,"750,000.00",8.30,"6,225.00",125.00,OPL 35 % # 5,AA/platos
08/09/19,11,42,74.00 %,"740,000.00",8.45,"6,253.00",125.00,OPL 35 % # 5,AA/platos
09/09/19,11,43,73.00 %,"730,000.00",8.60,"6,278.00",200.00,OPL 35 % # 5,AA/platos
10/09/19,11,44,72.00 %,"720,000.00",8.80,"6,336.00",0.00,OPL 35 % # 5,AA/platos
11/09/19,11,45,71.50 %,"715,000.00",9.00,"6,435.00",225.00,OPL 35 % # 5,AA/platos
12/09/19,11,46,71.00 %,"710,000.00",9.20,"6,532.00",250.00,OPL 35 % # 5,AA/platos
13/09/19,11,47,69.50 %,"695,000.00",9.53,"6,623.35",250.00,OPL 35 % # 5,AA/platos
14/09/19,11,48,69.30 %,"693,000.00",9.85,"6,826.05",0.00,OPL 35 % # 5,AA/platos
15/09/19,11,49,69.00 %,"690,000.00",10.17,"7,017.30",250.00,OPL 35 % # 5,AA/platos
16/09/19,11,50,68.70 %,"687,000.00",10.50,"7,213.50",250.00,OPL 35 % # 5,AA/platos
17/09/19,11,51,68.50 %,"685,000.00",10.83,"7,418.55",0.00,OPL 35 % # 5,AA/platos
18/09/19,11,52,68.00 %,"680,000.00",11.16,"7,588.80",250.00,OPL 35 % # 5,AA/platos
19/09/19,11,53,67.50 %,"675,000.00",11.50,"7,762.50",250.00,OPL 35 % # 5,AA/platos
20/09/19,11,54,67.00 %,"670,000.00",11.75,"7,872.50",275.00,OPL 35 % # 5,AA/platos
21/09/19,11,55,66.50 %,"665,000.00",12.00,"7,980.00",150.00,OPL 35 % # 5,AA/platos
22/09/19,11,56,66.00 %,"660,000.00",12.25,"8,085.00",225.00,OPL 35 % # 5,AA/platos
23/09/19,11,57,65.72 %,"657,150.00",12.50,"8,214.38",225.00,OPL 35 % # 5,AA/platos
24/09/19,11,58,65.43 %,"654,300.00",12.79,"8,365.23",0.00,OPL 35 % # 5,AA/platos
25/09/19,11,59,65.15 %,"651,450.00",13.07,"8,514.45",250.00,OPL 35 % # 5,AA/platos
26/09/19,11,60,64.86 %,"648,600.00",13.36,"8,662.05",300.00,OPL 35 % # 5,AA/platos
27/09/19,11,61,64.58 %,"645,750.00",13.64,"8,808.03",275.00,OPL 35 % # 5,AA/platos
28/09/19,11,62,64.29 %,"642,900.00",13.93,"8,952.38",275.00,OPL 35 % # 5,AA/platos
29/09/19,11,63,64.01 %,"640,050.00",14.21,"9,095.11",275.00,OPL 35 % # 5,AA/platos
30/09/19,11,64,64.00 %,"639,950.00",14.50,"9,279.28",150.00,OPL 35 % # 5,AA/platos
01/10/19,11,65,63.99 %,"639,850.00",14.76,"9,442.27",0.00,OPL 35 % # 5,AA/platos
02/10/19,11,66,63.98 %,"639,750.00",15.01,"9,605.21",200.00,OPL 35 % # 5,AA/platos
03/10/19,11,67,63.97 %,"639,650.00",15.27,"9,768.10",275.00,OPL 35 % # 5,AA/platos
04/10/19,11,68,63.96 %,"639,550.00",15.53,"9,930.93",275.00,OPL 35 % # 5,AA/platos
05/10/19,11,69,63.95 %,"639,450.00",15.79,"10,093.72",275.00,OPL 35 % # 5,AA/platos
06/10/19,11,70,63.94 %,"639,350.00",16.04,"10,256.45",275.00,OPL 35 % # 5,AA/platos
07/10/19,11,71,63.93 %,"639,250.00",16.30,"10,419.78",275.00,OPL 35 % # 5,AA/platos
08/10/19,11,72,63.92 %,"639,150.00",16.69,"10,664.22",0.00,OPL 35 % # 5,AA/platos
09/10/19,11,73,63.91 %,"639,050.00",17.07,"10,908.58",250.00,OPL 35 % # 5,AA/platos
10/10/19,11,74,63.90 %,"638,950.00",17.46,"11,152.87",300.00,OPL 35 % # 5,AA/platos
11/10/19,11,75,63.89 %,"638,850.00",17.84,"11,397.08",300.00,OPL 35 % # 5,AA/platos
12/10/19,11,76,63.88 %,"638,750.00",18.23,"11,641.22",300.00,OPL 35 % # 5,AA/platos
13/10/19,11,77,63.50 %,"635,000.00",18.61,"11,817.35",300.00,OPL 35 % # 5,AA/platos
14/10/19,11,78,63.00 %,"630,000.00",19.00,"11,970.00",300.00,OPL 35 % # 5,AA/platos
15/10/19,11,79,62.00 %,"620,000.00",19.43,"12,045.36",0.00,OPL 35 % # 5,AA/platos
16/10/19,11,80,61.00 %,"610,000.00",19.86,"12,112.16",300.00,OPL 35 % # 5,AA/platos
17/10/19,11,81,60.00 %,"600,000.00",20.28,"12,170.40",300.00,OPL 35 % # 5,AA/platos
18/10/19,11,82,59.00 %,"590,000.00",20.71,"12,220.08",300.00,OPL 35 % # 5,AA/platos
19/10/19,11,83,58.00 %,"580,000.00",21.14,"12,261.20",325.00,OPL 35 % # 5,AA/platos
20/10/19,11,84,57.00 %,"570,000.00",21.57,"12,293.76",325.00,OPL 35 % # 5,AA/platos
21/10/19,11,85,56.00 %,"560,000.00",22.00,"12,320.00",325.00,OPL 35 % # 5,AA/platos
22/10/19,11,86,54.50 %,"545,000.00",22.30,"12,153.50",0.00,OPL 35 % # 5,AA/platos
23/10/19,11,87,53.00 %,"530,000.00",22.60,"11,978.00",325.00,OPL 35 % # 5,AA/platos
24/10/19,11,88,51.50 %,"515,000.00",22.90,"11,793.50",325.00,OPL 35 % # 5,AA/platos
25/10/19,11,89,50.00 %,"500,000.00",23.20,"11,600.00",325.00,OPL 35 % # 5,AA/platos
26/10/19,11,90,49.00 %,"490,000.00",23.40,"11,466.00",325.00,OPL 35 % # 5,AA/platos
27/10/19,11,91,48.50 %,"485,000.00",23.60,"11,446.00",0.00,OPL 35 % # 5,AA/platos
28/10/19,11,92,48.00 %,"480,000.00",23.85,"11,448.00",250.00,OPL 35 % # 5,AA/platos
29/10/19,11,93,47.50 %,"475,000.00",23.90,"11,352.50",150.00,OPL 35 % # 5,AA/platos
30/10/19,11,94,47.00 %,"470,000.00",23.95,"11,256.50",250.00,OPL 35 % # 5,AA/platos
31/10/19,11,95,46.80 %,"468,000.00",24.00,"11,232.00",0.00,OPL 35 % # 5,AA/platos
